#,Name,B,Team,ESPN,Y!,Date,GT,$,Opp,Pitcher,%St,LU,PA,AB,H,R,HR,RBI,SB,BB,SO,AVG,OBP,SLG,OPS,R%,RazzID
1,Trea Turner,R,PHI,SS,SS,5/21,8,60.0,@COL,CPalmquist(L),96,N(1),5.0,4.5,1.47,0.89,0.18,0.70,0.20,0.34,0.84,0.324,0.374,0.529,0.903,100,16252
2,Bryce Harper,L,PHI,1B,1B,5/21,8,49.6,@COL,CPalmquist(L),93,N(2),4.9,4.1,1.27,0.87,0.20,0.72,0.09,0.67,0.97,0.307,0.404,0.527,0.931,100,11579
3,Shohei Ohtani,L,LAD,DH,DH,5/21,10,48.8,ARI,CBurnes(R),97,N(1),4.3,3.7,0.96,0.66,0.28,0.54,0.37,0.54,1.03,0.260,0.356,0.545,0.901,100,6602710
4,Nick Castellanos,R,PHI,OF,OF,5/21,8,43.0,@COL,CPalmquist(L),96,N(4),4.7,4.3,1.29,0.68,0.19,0.84,0.04,0.30,0.92,0.303,0.351,0.514,0.865,100,11737
5,Kyle Schwarber,L,PHI,DH,OF,5/21,8,40.6,@COL,CPalmquist(L),93,N(3),4.8,3.9,0.99,0.78,0.27,0.80,0.05,0.75,1.22,0.252,0.376,0.500,0.876,100,16478
6,Gunnar Henderson,L,BAL,SS,SS,5/21,1,37.8,@MIL,CPatrick(R),100,Y(3),4.5,4.0,1.05,0.67,0.25,0.72,0.11,0.41,1.03,0.264,0.336,0.523,0.859,100,683002
7,Julio Rodriguez,R,SEA,OF,OF,5/21,2,37.7,@CHW,SSmith(R),100,Y(3),4.5,4.1,1.14,0.59,0.21,0.65,0.19,0.35,0.90,0.278,0.344,0.482,0.826,100,677594
8,Ezequiel Tovar,R,COL,SS,SS,5/21,8,37.5,PHI,TWalker(R),100,Y(2),4.4,4.1,1.25,0.75,0.17,0.66,0.07,0.18,0.86,0.301,0.334,0.514,0.848,100,678662
9,Kyle Tucker,L,CHC,OF,OF,5/21,1,36.1,@MIA,MMeyer(R),100,Y(2),4.6,4.0,1.10,0.66,0.19,0.56,0.20,0.59,0.69,0.278,0.372,0.496,0.868,100,663656
10,Jordan Beck,R,COL,OF,OF,5/21,8,36.1,PHI,TWalker(R),100,Y(1),4.5,4.1,1.15,0.80,0.17,0.61,0.11,0.35,1.00,0.281,0.339,0.497,0.836,99,687597
11,Hunter Goodman,R,COL,C/OF,C/1B/ OF,5/21,8,35.1,PHI,TWalker(R),100,Y(3),4.3,4.0,1.10,0.69,0.22,0.77,0.01,0.24,0.87,0.277,0.325,0.523,0.848,100,696100
12,Fernando Tatis Jr.,R,SD,OF,OF,5/21,7,34.9,@TOR,KGausman(R),100,Y(1),4.6,4.2,1.07,0.63,0.22,0.52,0.26,0.30,1.01,0.256,0.309,0.471,0.780,100,665487
13,Bryson Stott,L,PHI,2B,2B/SS,5/21,8,34.4,@COL,CPalmquist(L),49,N(1),5.0,4.4,1.26,0.78,0.10,0.52,0.22,0.46,0.83,0.284,0.354,0.413,0.767,100,681082
14,J.T. Realmuto,R,PHI,C,C,5/21,8,33.2,@COL,CPalmquist(L),76,N(5),4.6,4.1,1.15,0.64,0.17,0.71,0.09,0.38,1.01,0.282,0.350,0.483,0.833,100,11739
15,Corbin Carroll,L,ARI,OF,OF,5/21,10,32.5,@LAD,DMay(R),97,N(1),4.7,4.1,0.98,0.65,0.22,0.51,0.28,0.47,1.05,0.240,0.327,0.459,0.786,100,682998
16,Alec Bohm,R,PHI,3B,1B/3B,5/21,8,32.0,@COL,CPalmquist(L),96,N(6),4.4,4.0,1.27,0.63,0.14,0.66,0.03,0.32,0.61,0.317,0.372,0.501,0.873,99,664761
17,Vladimir Guerrero Jr.,R,TOR,1B,1B/3B,5/21,7,30.2,SD,RVasquez(R),100,Y(2),4.3,3.7,1.07,0.71,0.19,0.60,0.03,0.49,0.54,0.290,0.378,0.502,0.880,100,665489
18,Brenton Doyle,R,COL,OF,OF,5/21,8,28.1,PHI,TWalker(R),100,Y(5),4.1,3.7,1.04,0.58,0.15,0.63,0.13,0.27,0.91,0.279,0.329,0.471,0.800,100,686668
19,Bobby Witt Jr.,R,KC,SS,SS,5/21,3,27.9,@SF,LWebb(R),100,Y(2),4.4,4.1,1.11,0.51,0.11,0.44,0.36,0.21,0.79,0.270,0.311,0.427,0.738,100,677951
20,Pete Crow-Armstrong,L,CHC,OF,OF,5/21,1,27.0,@MIA,MMeyer(R),100,Y(4),4.4,4.1,1.03,0.48,0.15,0.59,0.28,0.24,1.07,0.254,0.301,0.436,0.737,100,691718
21,Jose Ramirez,S,CLE,3B,3B,5/21,3,26.5,@MIN,CPaddack(R),100,Y(3),4.4,3.9,1.03,0.54,0.16,0.60,0.20,0.37,0.58,0.261,0.325,0.449,0.774,100,13510
22,Luis Robert Jr.,R,CHW,OF,OF,5/21,2,26.5,SEA,LEvans(R),100,Y(4),4.0,3.7,0.91,0.49,0.17,0.61,0.25,0.27,0.99,0.246,0.303,0.431,0.734,100,673357
23,Elly De La Cruz,S,CIN,SS,SS,5/21,-12,26.4,@PIT,AHeaney(L),100,Y(3),4.5,4.1,1.01,0.51,0.13,0.55,0.32,0.38,1.23,0.249,0.316,0.414,0.730,100,682829
24,Jackson Chourio,R,MIL,OF,OF,5/21,1,26.4,BAL,TSugano(R),100,Y(2),4.2,4.0,1.04,0.60,0.17,0.55,0.17,0.19,0.82,0.262,0.299,0.458,0.757,100,694192
25,Cal Raleigh,S,SEA,C,C,5/21,2,25.3,@CHW,SSmith(R),100,Y(4),4.4,3.9,0.90,0.57,0.27,0.69,0.05,0.52,1.09,0.234,0.328,0.483,0.811,100,663728
26,Kerry Carpenter,L,DET,OF,OF,5/21,1,22.9,@STL,APallante(R),100,Y(1),4.7,4.3,1.14,0.65,0.19,0.54,0.05,0.29,0.93,0.265,0.318,0.448,0.766,100,681481
27,Austin Riley,R,ATL,3B,3B,5/21,6,22.5,@WSH,TWilliams(R),100,Y(2),4.6,4.2,1.09,0.65,0.20,0.58,0.02,0.33,1.04,0.261,0.320,0.461,0.781,100,663586
28,Bo Bichette,R,TOR,SS,SS,5/21,7,22.4,SD,RVasquez(R),100,Y(1),4.4,4.0,1.13,0.66,0.13,0.50,0.09,0.28,0.68,0.281,0.332,0.437,0.769,100,666182
29,Mickey Moniak,L,COL,OF,OF,5/21,8,22.2,PHI,TWalker(R),100,Y(6),3.9,3.7,1.04,0.57,0.14,0.61,0.06,0.20,0.83,0.283,0.323,0.488,0.811,5,666160
30,Zach Neto,R,LAA,SS,SS,5/21,10,21.6,@ATH,JSears(L),96,N(1),4.6,4.1,0.97,0.59,0.17,0.46,0.23,0.28,1.00,0.238,0.302,0.422,0.724,100,687263
31,Ryan McMahon,L,COL,3B,3B,5/21,8,21.4,PHI,TWalker(R),100,Y(4),4.2,3.6,0.99,0.61,0.15,0.65,0.03,0.48,0.98,0.272,0.358,0.460,0.818,92,15112
32,Jesus Sanchez,L,MIA,OF,OF,5/21,1,21.1,CHC,CHorton(R),100,Y(1),4.3,3.8,0.99,0.65,0.16,0.50,0.11,0.40,0.98,0.258,0.330,0.450,0.780,90,660821
33,Marcell Ozuna,R,ATL,DH,OF,5/21,6,20.9,@WSH,TWilliams(R),100,Y(4),4.4,3.9,0.99,0.56,0.21,0.67,0.01,0.44,0.96,0.256,0.333,0.464,0.797,100,10324
34,Mookie Betts,R,LAD,SS/OF,2B/SS/ OF,5/21,10,20.9,ARI,CBurnes(R),96,N(2),4.2,3.7,0.96,0.54,0.18,0.45,0.17,0.43,0.60,0.260,0.340,0.463,0.803,100,13611
35,Johan Rojas,R,PHI,OF,OF,5/21,8,20.6,@COL,CPalmquist(L),96,N(9),3.5,3.3,0.95,0.52,0.07,0.47,0.22,0.20,0.66,0.293,0.339,0.444,0.783,1,679032
36,Weston Wilson,R,PHI,OF,2B/3B/ OF,5/21,8,20.3,@COL,CPalmquist(L),79,N(8),3.8,3.3,0.86,0.58,0.16,0.57,0.09,0.40,1.00,0.262,0.343,0.473,0.816,0,642215
37,Cedric Mullins,L,BAL,OF,OF,5/21,1,20.3,@MIL,CPatrick(R),100,Y(6),4.1,3.7,0.89,0.51,0.17,0.53,0.21,0.33,0.90,0.240,0.306,0.435,0.741,100,656775
38,Christian Yelich,L,MIL,OF,OF,5/21,1,20.1,BAL,TSugano(R),100,Y(3),4.1,3.6,0.94,0.54,0.14,0.54,0.16,0.41,0.87,0.259,0.337,0.434,0.771,100,11477
39,Brice Turang,L,MIL,2B,2B,5/21,1,20.0,BAL,TSugano(R),100,Y(1),4.3,3.9,1.02,0.59,0.09,0.41,0.26,0.32,0.73,0.261,0.317,0.391,0.708,100,668930
40,Riley Greene,L,DET,OF,OF,5/21,1,18.4,@STL,APallante(R),100,Y(4),4.3,3.9,1.06,0.52,0.15,0.60,0.05,0.41,0.92,0.275,0.347,0.444,0.791,100,682985
41,Jorge Polanco,S,SEA,2B,2B,5/21,2,18.3,@CHW,SSmith(R),100,Y(2),4.7,4.1,0.99,0.63,0.21,0.54,0.05,0.51,1.04,0.242,0.331,0.432,0.763,97,13152
42,Oneil Cruz,L,PIT,SS/OF,SS/OF,5/21,-12,18.1,CIN,BSinger(R),100,Y(1),4.4,3.8,0.95,0.62,0.17,0.49,0.12,0.44,1.18,0.247,0.329,0.438,0.767,100,665833
43,Wyatt Langford,R,TEX,OF,OF,5/21,7,18.1,@NYY,RYarbrough(L),100,Y(2),4.5,3.9,0.99,0.63,0.14,0.50,0.12,0.44,0.86,0.250,0.329,0.416,0.745,100,694671
44,Lawrence Butler,L,ATH,OF,OF,5/21,10,17.5,LAA,JKochanowicz(R),97,N(1),4.1,3.8,1.00,0.56,0.12,0.48,0.15,0.30,0.70,0.264,0.320,0.427,0.747,100,671732
45,CJ Abrams,L,WSH,SS,SS,5/21,6,17.4,ATL,ASmith-Shawver(R),100,Y(1),4.3,3.9,0.89,0.55,0.14,0.44,0.26,0.33,0.85,0.232,0.304,0.406,0.710,100,682928
46,Edmundo Sosa,R,PHI,2B/SS/ 3B,2B/SS/ 3B,5/21,8,17.3,@COL,CPalmquist(L),79,N(7),3.8,3.5,1.03,0.52,0.11,0.55,0.06,0.19,0.81,0.294,0.343,0.471,0.814,0,624641
47,Ketel Marte,S,ARI,2B,2B,5/21,10,17.1,@LAD,DMay(R),91,N(2),4.6,4.0,0.99,0.61,0.19,0.50,0.06,0.51,0.92,0.248,0.339,0.448,0.787,100,13613
48,Ryan O’Hearn,L,BAL,1B/OF,1B/OF,5/21,1,17.1,@MIL,CPatrick(R),100,Y(5),4.2,3.9,1.01,0.54,0.17,0.59,0.03,0.31,0.81,0.262,0.319,0.454,0.773,98,656811
49,Brandon Marsh,L,PHI,OF,OF,5/21,8,17.1,@COL,CPalmquist(L),15,N(9),4.2,3.6,0.98,0.60,0.10,0.52,0.12,0.44,1.23,0.269,0.350,0.412,0.762,17,669016
50,Matt Olson,L,ATL,1B,1B,5/21,6,16.9,@WSH,TWilliams(R),100,Y(3),4.5,3.9,0.97,0.59,0.19,0.61,0.00,0.54,0.96,0.249,0.343,0.454,0.797,100,14344
51,Randy Arozarena,R,SEA,OF,OF,5/21,2,16.8,@CHW,SSmith(R),100,Y(5),4.3,3.7,0.90,0.51,0.16,0.51,0.17,0.49,1.03,0.244,0.349,0.422,0.771,100,668227
52,Steven Kwan,L,CLE,OF,OF,5/21,3,16.8,@MIN,CPaddack(R),100,Y(1),4.6,4.1,1.16,0.63,0.08,0.43,0.11,0.41,0.47,0.283,0.350,0.410,0.760,100,680757
53,Jackson Merrill,L,SD,OF,OF,5/21,7,16.8,@TOR,KGausman(R),100,Y(4),4.2,4.0,1.05,0.45,0.13,0.54,0.15,0.20,0.83,0.265,0.301,0.438,0.739,100,701538
54,Freddie Freeman,L,LAD,1B,1B,5/21,10,16.7,ARI,CBurnes(R),97,N(3),4.1,3.6,0.97,0.49,0.15,0.49,0.11,0.44,0.71,0.272,0.358,0.465,0.823,100,5361
55,Jacob Wilson,R,ATH,SS,SS,5/21,10,16.3,LAA,JKochanowicz(R),61,N(2),4.3,3.9,1.22,0.60,0.07,0.44,0.05,0.22,0.24,0.310,0.354,0.428,0.782,100,805779
56,Daulton Varsho,L,TOR,OF,OF,5/21,7,15.5,SD,RVasquez(R),100,Y(3),4.2,3.7,0.85,0.55,0.16,0.60,0.10,0.39,0.90,0.230,0.310,0.428,0.738,99,662139
57,Brent Rooker,R,ATH,DH,OF,5/21,10,15.4,LAA,JKochanowicz(R),96,N(4),4.0,3.6,0.93,0.53,0.16,0.58,0.06,0.33,0.88,0.257,0.329,0.439,0.768,100,667670
58,Jarren Duran,L,BOS,OF,OF,5/21,6,15.3,NYM,TMegill(R),100,Y(1),4.3,3.9,0.98,0.58,0.07,0.43,0.23,0.37,1.03,0.253,0.322,0.419,0.741,100,680776
59,Josh Naylor,L,ARI,1B,1B,5/21,10,15.2,@LAD,DMay(R),92,N(4),4.4,3.9,0.99,0.48,0.17,0.56,0.08,0.35,0.71,0.252,0.319,0.435,0.754,100,647304
60,Adley Rutschman,S,BAL,C,C,5/21,1,15.2,@MIL,CPatrick(R),100,Y(2),4.6,4.1,1.01,0.66,0.17,0.53,0.01,0.47,0.76,0.251,0.329,0.432,0.761,99,668939
61,Michael Harris II,L,ATL,OF,OF,5/21,6,15.1,@WSH,TWilliams(R),100,Y(8),3.9,3.7,1.00,0.49,0.11,0.48,0.13,0.21,0.65,0.274,0.318,0.438,0.756,100,671739
62,Josh Jung,R,TEX,3B,3B,5/21,7,14.7,@NYY,RYarbrough(L),100,Y(3),4.4,4.1,1.03,0.54,0.15,0.60,0.04,0.23,1.02,0.253,0.298,0.420,0.718,100,673962
63,Manny Machado,R,SD,3B,3B,5/21,7,14.3,@TOR,KGausman(R),100,Y(3),4.3,4.0,0.99,0.47,0.16,0.52,0.13,0.28,0.93,0.247,0.295,0.416,0.711,100,11493
64,Max Kepler,L,PHI,OF,OF,5/21,8,14.2,@COL,CPalmquist(L),24,N(6),4.4,4.0,1.06,0.57,0.13,0.58,0.02,0.39,0.84,0.267,0.337,0.419,0.756,88,12144
65,Luis Arraez,L,SD,1B/2B,1B/2B,5/21,7,14.2,@TOR,KGausman(R),100,Y(2),4.5,4.2,1.27,0.53,0.06,0.40,0.11,0.22,0.27,0.305,0.341,0.416,0.757,100,650333
66,Rhys Hoskins,R,MIL,1B,1B,5/21,1,14.0,BAL,TSugano(R),100,Y(4),4.0,3.6,0.84,0.52,0.19,0.61,0.03,0.36,0.99,0.236,0.311,0.449,0.760,100,656555
67,Jackson Holliday,L,BAL,2B,2B/SS,5/21,1,13.9,@MIL,CPatrick(R),100,Y(1),4.7,4.1,0.98,0.67,0.14,0.47,0.10,0.47,1.22,0.236,0.317,0.404,0.721,100,702616
68,Ryan Mountcastle,R,BAL,1B,1B,5/21,1,13.6,@MIL,CPatrick(R),100,Y(4),4.4,4.1,1.00,0.52,0.17,0.62,0.02,0.25,1.09,0.247,0.294,0.425,0.719,87,663624
69,George Springer,R,TOR,OF,OF,5/21,7,13.5,SD,RVasquez(R),100,Y(4),4.1,3.6,0.87,0.51,0.14,0.57,0.10,0.43,0.70,0.244,0.331,0.411,0.742,100,12856
70,Maikel Garcia,R,KC,2B/3B,2B/SS/ 3B,5/21,3,13.4,@SF,LWebb(R),100,Y(1),4.5,4.2,1.07,0.48,0.04,0.32,0.36,0.24,0.88,0.254,0.295,0.345,0.640,100,672580
71,Willson Contreras,R,STL,C/1B,C/1B,5/21,1,13.3,DET,BHurter(L),100,Y(3),4.1,3.6,0.89,0.54,0.17,0.56,0.03,0.38,0.87,0.248,0.331,0.445,0.776,100,11609
72,Masyn Winn,R,STL,SS,SS,5/21,1,13.3,DET,BHurter(L),100,Y(1),4.3,4.0,1.02,0.60,0.13,0.46,0.08,0.30,0.72,0.257,0.311,0.417,0.728,100,691026
73,Kyle Farmer,R,COL,2B/SS/ 3B,2B/SS/ 3B,5/21,8,13.2,PHI,TWalker(R),100,Y(7),3.8,3.5,1.01,0.53,0.10,0.52,0.04,0.21,0.64,0.286,0.335,0.445,0.780,0,14813
74,Ian Happ,S,CHC,OF,OF,5/21,1,13.1,@MIA,MMeyer(R),100,Y(1),4.7,4.1,1.01,0.63,0.14,0.45,0.09,0.55,1.10,0.247,0.340,0.410,0.750,100,664023
75,Rafael Marchan,S,PHI,C,C,5/21,8,12.4,@COL,CPalmquist(L),24,N(9),3.9,3.4,0.96,0.59,0.09,0.50,0.03,0.36,0.63,0.281,0.359,0.427,0.786,0,665561
76,Austin Hays,R,CIN,OF,OF,5/21,-12,12.0,@PIT,AHeaney(L),100,Y(4),4.4,4.0,1.02,0.49,0.14,0.58,0.04,0.31,0.97,0.256,0.315,0.429,0.744,100,669720
77,Lourdes Gurriel Jr.,R,ARI,OF,OF,5/21,10,11.8,@LAD,DMay(R),91,N(3),4.4,4.1,1.04,0.49,0.17,0.54,0.04,0.24,0.85,0.252,0.300,0.426,0.726,100,666971
78,Adael Amador,S,COL,2B,2B,5/21,8,11.8,PHI,TWalker(R),100,Y(9),3.6,3.2,0.85,0.56,0.09,0.46,0.11,0.35,0.62,0.266,0.342,0.413,0.755,0,691182
79,Ivan Herrera,R,STL,C,C,5/21,1,11.6,DET,BHurter(L),100,Y(4),3.9,3.5,0.94,0.49,0.13,0.54,0.04,0.40,0.74,0.269,0.347,0.434,0.781,100,671056
80,Josh Lowe,L,TB,OF,OF,5/21,1,11.3,HOU,HBrown(R),100,Y(2),4.2,3.8,0.86,0.50,0.13,0.44,0.20,0.36,1.36,0.230,0.299,0.392,0.691,100,666139
81,Nick Martini,L,COL,OF,1B/OF,5/21,8,11.2,PHI,TWalker(R),100,Y(8),3.3,3.0,0.88,0.53,0.11,0.47,0.02,0.30,0.58,0.295,0.365,0.475,0.840,0,605361
82,Heliot Ramos,R,SF,OF,OF,5/21,3,10.8,KC,DLynch IV(L),100,Y(1),4.3,3.9,0.97,0.59,0.14,0.47,0.05,0.33,0.98,0.250,0.315,0.422,0.737,100,671218
83,Seiya Suzuki,R,CHC,OF,OF,5/21,1,10.7,@MIA,MMeyer(R),100,Y(3),4.5,4.1,1.00,0.50,0.13,0.53,0.10,0.39,1.22,0.247,0.316,0.407,0.723,100,673548
84,Adolis Garcia,R,TEX,OF,OF,5/21,7,10.2,@NYY,RYarbrough(L),100,Y(4),4.3,3.9,0.89,0.50,0.16,0.59,0.07,0.30,1.08,0.229,0.291,0.399,0.690,99,666969
85,Miguel Vargas,R,CHW,3B/OF,3B/OF,5/21,2,10.2,SEA,LEvans(R),100,Y(2),4.3,3.7,0.88,0.59,0.14,0.47,0.07,0.48,0.75,0.239,0.334,0.406,0.740,76,678246
86,Chase Meidroth,R,CHW,2B/SS,2B/SS,5/21,2,10.1,SEA,LEvans(R),100,Y(1),4.4,3.7,0.95,0.63,0.08,0.38,0.12,0.59,0.64,0.258,0.368,0.370,0.738,38,805367
87,Seth Brown,L,ATH,1B/OF,1B/OF,5/21,10,9.9,LAA,JKochanowicz(R),49,N(3),3.9,3.6,0.93,0.49,0.13,0.53,0.05,0.26,0.76,0.259,0.314,0.421,0.735,0,664913
88,Kyle Stowers,L,MIA,OF,OF,5/21,1,9.8,CHC,CHorton(R),100,Y(4),4.0,3.5,0.84,0.50,0.16,0.58,0.03,0.36,1.11,0.238,0.315,0.440,0.755,99,669065
89,Tyler Soderstrom,L,ATH,1B/OF,C/1B/ OF,5/21,10,9.7,LAA,JKochanowicz(R),97,N(3),4.1,3.8,0.94,0.53,0.15,0.55,0.02,0.28,0.75,0.249,0.307,0.422,0.729,100,691016
90,Rafael Devers,L,BOS,3B,3B,5/21,6,9.6,NYM,TMegill(R),100,Y(2),4.2,3.5,0.88,0.58,0.14,0.49,0.03,0.59,0.97,0.249,0.360,0.439,0.799,100,646240
91,Leody Taveras,S,SEA,OF,OF,5/21,2,9.6,@CHW,SSmith(R),100,Y(7),4.1,3.7,0.91,0.43,0.11,0.44,0.19,0.31,0.88,0.243,0.301,0.387,0.688,5,665750
92,Alex Verdugo,L,ATL,OF,OF,5/21,6,9.4,@WSH,TWilliams(R),100,Y(1),4.7,4.3,1.15,0.62,0.09,0.44,0.03,0.34,0.62,0.267,0.323,0.398,0.721,12,657077
93,Teoscar Hernandez,R,LAD,OF,OF,5/21,10,9.2,ARI,CBurnes(R),58,N(5),3.8,3.5,0.84,0.40,0.18,0.47,0.11,0.23,1.09,0.241,0.293,0.438,0.731,100,13066
94,Dylan Moore,R,SEA,2B/SS/ 3B/OF,1B/2B/ SS/3B/OF,5/21,2,9.1,@CHW,SSmith(R),100,Y(8),3.7,3.2,0.69,0.44,0.12,0.39,0.26,0.39,0.98,0.219,0.324,0.386,0.710,96,664238
95,Chandler Simpson,L,TB,OF,OF,5/21,1,9.1,HOU,HBrown(R),100,Y(6),3.7,3.4,0.91,0.32,0.02,0.31,0.38,0.24,0.54,0.265,0.315,0.329,0.644,100,802415
96,Nico Hoerner,R,CHC,2B,2B/SS,5/21,1,9.0,@MIA,MMeyer(R),100,Y(7),4.1,3.7,1.05,0.40,0.04,0.38,0.22,0.24,0.45,0.284,0.336,0.380,0.716,100,663538
97,Spencer Steer,R,CIN,1B/OF,1B/2B/ OF,5/21,-12,8.9,@PIT,AHeaney(L),100,Y(5),4.3,3.7,0.90,0.48,0.14,0.51,0.09,0.45,0.84,0.240,0.328,0.417,0.745,100,668715
98,Anthony Santander,S,TOR,OF,OF,5/21,7,8.8,SD,RVasquez(R),100,Y(6),3.8,3.4,0.81,0.51,0.17,0.55,0.01,0.36,0.68,0.239,0.319,0.447,0.766,99,623993
99,Ozzie Albies,S,ATL,2B,2B,5/21,6,8.6,@WSH,TWilliams(R),100,Y(6),4.2,3.8,0.98,0.47,0.12,0.49,0.08,0.29,0.62,0.257,0.315,0.416,0.731,100,16556
100,Bryan Reynolds,S,PIT,OF,OF,5/21,-12,8.6,CIN,BSinger(R),100,Y(3),4.1,3.7,0.93,0.49,0.14,0.53,0.03,0.35,0.89,0.251,0.326,0.421,0.747,100,668804
101,Matt Chapman,R,SF,3B,3B,5/21,3,8.5,KC,DLynch IV(L),100,Y(2),4.2,3.6,0.86,0.57,0.14,0.47,0.07,0.47,0.96,0.237,0.329,0.418,0.747,100,16505
102,Matt McLain,R,CIN,2B/SS,2B/SS,5/21,-12,8.3,@PIT,AHeaney(L),100,Y(8),4.0,3.4,0.81,0.48,0.13,0.45,0.14,0.42,1.00,0.235,0.325,0.412,0.737,100,680574
103,J.P. Crawford,L,SEA,SS,SS,5/21,2,8.1,@CHW,SSmith(R),100,Y(1),4.8,4.0,1.00,0.65,0.11,0.42,0.05,0.62,0.86,0.248,0.355,0.384,0.739,31,15491
104,TJ Friedl,L,CIN,OF,OF,5/21,-12,8.1,@PIT,AHeaney(L),100,Y(1),4.7,4.2,1.03,0.59,0.09,0.40,0.13,0.40,0.82,0.246,0.323,0.366,0.689,100,670770
105,Agustin Ramirez,R,MIA,C,C,5/21,1,8.1,CHC,CHorton(R),100,Y(2),4.2,3.8,0.89,0.56,0.13,0.46,0.09,0.34,0.84,0.235,0.300,0.402,0.702,99,682663
106,James Wood,L,WSH,OF,OF,5/21,6,8.1,ATL,ASmith-Shawver(R),100,Y(2),4.2,3.6,0.80,0.53,0.14,0.43,0.14,0.57,1.19,0.225,0.334,0.400,0.734,100,695578
107,Rece Hinds,R,CIN,OF,OF,5/21,-12,8.0,@PIT,AHeaney(L),100,Y(9),3.9,3.5,0.79,0.47,0.16,0.49,0.12,0.25,1.29,0.224,0.280,0.419,0.699,0,677956
108,Santiago Espinal,R,CIN,2B/3B,2B/SS/ 3B,5/21,-12,7.7,@PIT,AHeaney(L),100,Y(2),4.6,4.2,1.14,0.54,0.07,0.42,0.08,0.34,0.54,0.273,0.330,0.383,0.713,7,669289
109,Spencer Horwitz,L,PIT,1B/2B,1B/2B,5/21,-12,7.6,CIN,BSinger(R),100,Y(4),4.0,3.5,0.96,0.48,0.10,0.51,0.01,0.46,0.71,0.277,0.369,0.436,0.805,19,687462
110,Shea Langeliers,R,ATH,C,C,5/21,10,7.3,LAA,JKochanowicz(R),78,N(5),3.9,3.6,0.86,0.47,0.15,0.54,0.05,0.28,0.71,0.240,0.302,0.414,0.716,100,669127
111,Sam Haggerty,S,TEX,OF,OF,5/21,7,7.1,@NYY,RYarbrough(L),100,Y(1),4.6,4.1,1.00,0.60,0.07,0.39,0.16,0.34,0.97,0.243,0.311,0.348,0.659,0,664059
112,Eugenio Suarez,R,ARI,3B,3B,5/21,10,6.7,@LAD,DMay(R),92,N(5),4.2,3.8,0.83,0.47,0.21,0.53,0.02,0.37,1.29,0.220,0.300,0.429,0.729,100,12552
113,Isaac Paredes,R,HOU,3B,1B/3B,5/21,1,6.6,@TB,TBradley(R),100,Y(2),4.5,3.9,0.92,0.56,0.18,0.45,0.01,0.49,0.84,0.236,0.332,0.423,0.755,100,670623
114,Jung Hoo Lee,L,SF,OF,OF,5/21,3,6.6,KC,DLynch IV(L),100,Y(3),4.0,3.7,1.02,0.46,0.07,0.49,0.06,0.26,0.42,0.274,0.326,0.405,0.731,100,808982
115,Xander Bogaerts,R,SD,2B/SS,2B/SS,5/21,7,6.4,@TOR,KGausman(R),100,Y(5),4.1,3.8,0.94,0.40,0.10,0.41,0.18,0.28,0.83,0.249,0.303,0.374,0.677,100,12161
116,Jose Altuve,R,HOU,2B/OF,2B/OF,5/21,1,6.3,@TB,TBradley(R),100,Y(3),4.4,4.0,1.00,0.45,0.13,0.47,0.06,0.33,0.87,0.251,0.312,0.399,0.711,100,5417
117,Alex Bregman,R,BOS,3B,3B,5/21,6,6.2,NYM,TMegill(R),100,Y(3),4.1,3.5,0.90,0.49,0.11,0.52,0.03,0.48,0.63,0.255,0.350,0.416,0.766,100,17678
118,Jeremy Pena,R,HOU,SS,SS,5/21,1,6.1,@TB,TBradley(R),100,Y(1),4.6,4.3,1.07,0.53,0.13,0.40,0.06,0.23,0.95,0.252,0.297,0.391,0.688,100,665161
119,Otto Lopez,R,MIA,2B,2B/SS/ 3B,5/21,1,6.1,CHC,CHorton(R),100,Y(5),3.9,3.5,0.96,0.42,0.06,0.43,0.14,0.27,0.60,0.273,0.326,0.391,0.717,24,672640
120,Yainer Diaz,R,HOU,C,C/1B,5/21,1,6.1,@TB,TBradley(R),100,Y(4),4.3,4.0,1.03,0.43,0.15,0.52,0.01,0.16,0.87,0.256,0.286,0.419,0.705,100,673237
121,Nolan Arenado,R,STL,3B,3B,5/21,1,5.6,DET,BHurter(L),100,Y(6),3.7,3.4,0.88,0.45,0.14,0.48,0.02,0.27,0.48,0.256,0.312,0.433,0.745,96,9777
122,Taylor Ward,R,LAA,OF,OF,5/21,10,5.5,@ATH,JSears(L),96,N(3),4.3,3.9,0.90,0.48,0.15,0.50,0.06,0.35,0.98,0.232,0.303,0.401,0.704,100,621493
123,Michael Busch,L,CHC,1B,1B,5/21,1,5.5,@MIA,MMeyer(R),100,Y(5),4.3,3.8,0.91,0.47,0.15,0.51,0.03,0.42,1.16,0.241,0.321,0.418,0.739,98,683737
124,Francisco Lindor,S,NYM,SS,SS,5/21,6,5.4,@BOS,GCrochet(L),100,Y(1),4.5,4.0,0.95,0.49,0.11,0.37,0.17,0.31,1.03,0.236,0.298,0.374,0.672,100,12916
125,Alejandro Kirk,R,TOR,C,C,5/21,7,5.4,SD,RVasquez(R),100,Y(5),3.9,3.5,0.95,0.48,0.10,0.49,0.01,0.38,0.40,0.271,0.347,0.408,0.755,78,672386
126,Lenyn Sosa,R,CHW,2B/3B,2B/3B,5/21,2,5.2,SEA,LEvans(R),100,Y(5),3.9,3.7,0.95,0.43,0.13,0.51,0.03,0.16,0.71,0.255,0.289,0.402,0.691,1,672820
127,Sal Frelick,L,MIL,OF,3B/OF,5/21,1,5.1,BAL,TSugano(R),100,Y(5),3.6,3.3,0.91,0.42,0.07,0.42,0.12,0.25,0.45,0.275,0.329,0.410,0.739,83,686217
128,Ernie Clement,R,TOR,2B/SS/ 3B,2B/SS/ 3B,5/21,7,4.0,SD,RVasquez(R),100,Y(8),3.6,3.4,0.89,0.44,0.08,0.43,0.08,0.18,0.35,0.266,0.306,0.394,0.700,1,676391
129,Eric Wagaman,R,MIA,1B/3B/ OF,1B/3B/ OF,5/21,1,3.8,CHC,CHorton(R),100,Y(3),4.1,3.7,0.92,0.47,0.10,0.50,0.05,0.28,0.77,0.247,0.301,0.395,0.696,8,676572
130,Rowdy Tellez,L,SEA,1B,1B,5/21,2,3.6,@CHW,SSmith(R),100,Y(6),3.6,3.2,0.76,0.42,0.18,0.47,0.01,0.31,0.74,0.238,0.310,0.446,0.756,7,15679
131,Kyle Manzardo,L,CLE,1B,1B,5/21,3,3.5,@MIN,CPaddack(R),100,Y(4),4.2,3.8,0.83,0.48,0.15,0.57,0.02,0.41,1.08,0.220,0.301,0.406,0.707,98,700932
132,Luis Rengifo,S,LAA,2B/3B,2B/3B,5/21,10,3.4,@ATH,JSears(L),92,N(6),4.0,3.7,0.92,0.39,0.09,0.39,0.16,0.20,0.64,0.250,0.295,0.376,0.671,62,650859
133,Wilmer Flores,R,SF,1B,1B,5/21,3,3.3,KC,DLynch IV(L),100,Y(4),3.9,3.5,0.85,0.45,0.13,0.53,0.01,0.35,0.61,0.242,0.316,0.405,0.721,90,5827
134,Joshua Palacios,L,CHW,OF,OF,5/21,2,3.0,SEA,LEvans(R),100,Y(6),3.5,3.2,0.82,0.42,0.11,0.43,0.05,0.30,0.64,0.261,0.332,0.415,0.747,0,641943
135,Tyler Stephenson,R,CIN,C,C,5/21,-12,2.9,@PIT,AHeaney(L),100,Y(6),4.2,3.7,0.93,0.46,0.12,0.47,0.01,0.41,0.91,0.253,0.333,0.413,0.746,96,663886
136,Miguel Andujar,R,ATH,3B/OF,3B/OF,5/21,10,2.8,LAA,JKochanowicz(R),65,N(6),3.8,3.5,1.00,0.42,0.07,0.43,0.04,0.20,0.39,0.282,0.323,0.398,0.721,41,609280
137,Jake Burger,R,TEX,1B/3B,1B/3B,5/21,7,2.8,@NYY,RYarbrough(L),100,Y(7),3.9,3.6,0.83,0.47,0.15,0.50,0.01,0.23,0.98,0.232,0.289,0.405,0.694,100,669394
138,Dansby Swanson,R,CHC,SS,SS,5/21,1,2.7,@MIA,MMeyer(R),100,Y(6),4.2,3.8,0.92,0.42,0.10,0.43,0.11,0.32,1.05,0.243,0.305,0.380,0.685,100,18314
139,Luis Garcia,L,WSH,2B,2B,5/21,6,2.7,ATL,ASmith-Shawver(R),100,Y(5),3.9,3.5,0.86,0.39,0.11,0.45,0.12,0.26,0.63,0.243,0.297,0.392,0.689,100,671277
140,Gabriel Moreno,R,ARI,C,C,5/21,10,2.6,@LAD,DMay(R),69,N(5),4.2,3.7,0.96,0.43,0.11,0.43,0.05,0.38,0.78,0.258,0.332,0.394,0.726,87,672515
141,Andy Pages,R,LAD,OF,OF,5/21,10,2.6,ARI,CBurnes(R),91,N(6),3.8,3.4,0.79,0.39,0.16,0.42,0.10,0.24,0.94,0.231,0.290,0.415,0.705,100,681624
142,Andrew Vaughn,R,CHW,1B,1B,5/21,2,2.6,SEA,LEvans(R),100,Y(7),3.7,3.4,0.84,0.44,0.14,0.48,0.01,0.24,0.67,0.248,0.304,0.418,0.722,33,683734
143,Will Smith,R,LAD,C,C,5/21,10,2.3,ARI,CBurnes(R),82,N(4),4.0,3.5,0.82,0.42,0.15,0.46,0.06,0.38,0.78,0.235,0.319,0.409,0.728,100,669257
144,Alec Burleson,L,STL,1B/OF,1B/OF,5/21,1,2.3,DET,BHurter(L),100,Y(5),3.8,3.6,0.90,0.41,0.12,0.46,0.04,0.19,0.52,0.252,0.293,0.387,0.680,74,676475
145,Wilyer Abreu,L,BOS,OF,OF,5/21,6,2.2,NYM,TMegill(R),100,Y(4),4.0,3.4,0.79,0.44,0.10,0.50,0.09,0.51,1.05,0.232,0.334,0.388,0.722,100,677800
146,Jose Caballero,R,TB,2B/SS/ 3B/OF,2B/SS/ 3B/OF,5/21,1,2.0,HOU,HBrown(R),100,Y(5),3.8,3.4,0.70,0.33,0.06,0.34,0.38,0.33,1.14,0.204,0.285,0.300,0.585,87,676609
147,Marcus Semien,R,TEX,2B,2B,5/21,7,1.9,@NYY,RYarbrough(L),100,Y(5),4.2,3.7,0.88,0.46,0.11,0.49,0.05,0.35,0.66,0.237,0.306,0.378,0.684,95,12533
148,Yandy Diaz,R,TB,1B,1B,5/21,1,1.9,HOU,HBrown(R),100,Y(1),4.3,3.8,0.97,0.54,0.10,0.39,0.03,0.42,0.76,0.256,0.333,0.379,0.712,100,650490
149,Tyler Fitzgerald,R,SF,2B/SS,2B/SS/ OF,5/21,3,1.9,KC,DLynch IV(L),100,Y(7),3.6,3.3,0.78,0.40,0.10,0.42,0.14,0.24,0.98,0.236,0.293,0.392,0.685,92,666149
150,Matt Thaiss,L,CHW,C,C,5/21,2,1.8,SEA,LEvans(R),100,Y(3),4.2,3.5,0.81,0.50,0.11,0.47,0.05,0.57,0.88,0.232,0.344,0.367,0.711,0,642136
151,Zach McKinstry,L,DET,SS/3B/ OF,2B/SS/ 3B/OF,5/21,1,1.8,@STL,APallante(R),100,Y(3),4.3,3.9,0.95,0.45,0.07,0.44,0.12,0.37,0.84,0.244,0.313,0.348,0.661,66,656716
152,Matt Shaw,R,CHC,3B,3B,5/21,1,1.7,@MIA,MMeyer(R),100,Y(9),3.8,3.4,0.83,0.44,0.09,0.39,0.12,0.31,0.82,0.242,0.312,0.375,0.687,83,807713
153,Jorge Soler,R,LAA,OF,OF,5/21,10,1.6,@ATH,JSears(L),96,N(4),4.2,3.7,0.80,0.46,0.17,0.52,0.01,0.41,1.07,0.216,0.301,0.403,0.704,96,14221
154,Brandon Lowe,L,TB,2B,1B/2B,5/21,1,1.6,HOU,HBrown(R),100,Y(3),4.1,3.6,0.77,0.44,0.16,0.51,0.05,0.38,1.20,0.212,0.291,0.389,0.680,100,664040
155,Connor Norby,R,MIA,3B,2B/3B,5/21,1,1.5,CHC,CHorton(R),100,Y(6),3.8,3.4,0.83,0.43,0.10,0.44,0.08,0.29,0.98,0.245,0.307,0.398,0.705,89,681393
156,Colt Keith,L,DET,2B,2B,5/21,1,1.4,@STL,APallante(R),100,Y(6),3.9,3.5,0.93,0.42,0.10,0.43,0.03,0.34,0.65,0.265,0.332,0.395,0.727,73,690993
157,Willy Adames,R,SF,SS,SS,5/21,3,1.2,KC,DLynch IV(L),100,Y(5),3.8,3.4,0.78,0.43,0.12,0.47,0.07,0.41,0.87,0.233,0.317,0.399,0.716,100,642715
158,Connor Joe,R,CIN,1B/OF,1B/OF,5/21,-12,1.1,@PIT,AHeaney(L),100,Y(7),4.1,3.5,0.86,0.45,0.10,0.43,0.07,0.45,0.85,0.245,0.337,0.396,0.733,0,656582
159,Vinnie Pasquantino,L,KC,1B,1B,5/21,3,1.0,@SF,LWebb(R),100,Y(3),4.3,4.0,0.99,0.43,0.12,0.48,0.02,0.27,0.70,0.249,0.300,0.394,0.694,100,686469
160,Aaron Judge,R,NYY,OF,OF,5/21,7,0.9,TEX,JdeGrom(R),100,Y(3),3.9,3.4,0.74,0.40,0.20,0.42,0.05,0.51,1.28,0.219,0.324,0.438,0.762,100,15640
161,Brendan Donovan,L,STL,2B/OF,2B/3B/ OF,5/21,1,0.9,DET,BHurter(L),100,Y(2),4.2,3.8,1.01,0.52,0.06,0.37,0.04,0.28,0.50,0.266,0.326,0.364,0.690,100,680977
162,Christian Walker,R,HOU,1B,1B,5/21,1,0.7,@TB,TBradley(R),100,Y(5),4.1,3.7,0.81,0.43,0.18,0.48,0.01,0.35,1.12,0.218,0.293,0.413,0.706,100,13419
163,Tim Elko,R,CHW,1B,1B,5/21,2,0.7,SEA,LEvans(R),100,Y(8),3.6,3.3,0.81,0.43,0.13,0.45,0.02,0.20,1.02,0.244,0.291,0.400,0.691,10,671284
164,Isiah Kiner-Falefa,R,PIT,2B/SS/ 3B,2B/SS/ 3B,5/21,-12,0.5,CIN,BSinger(R),100,Y(2),4.2,3.9,1.03,0.48,0.05,0.37,0.08,0.21,0.64,0.263,0.310,0.357,0.667,17,643396
165,Logan O’Hoppe,R,LAA,C,C,5/21,10,0.4,@ATH,JSears(L),85,N(5),4.1,3.7,0.83,0.42,0.17,0.48,0.03,0.26,1.11,0.221,0.279,0.392,0.671,100,681351
166,Tommy Edman,S,LAD,2B/OF,2B/SS/ OF,5/21,10,0.3,ARI,CBurnes(R),58,N(8),3.5,3.2,0.74,0.35,0.09,0.33,0.22,0.23,0.65,0.230,0.286,0.366,0.652,100,669242
167,Emmanuel Rivera,R,BAL,3B,3B,5/21,1,0.1,@MIL,CPatrick(R),100,Y(7),4.0,3.7,0.89,0.46,0.11,0.45,0.03,0.27,0.95,0.243,0.300,0.388,0.688,0,656896
168,Jo Adell,R,LAA,OF,OF,5/21,10,0.1,@ATH,JSears(L),96,N(8),3.8,3.4,0.71,0.41,0.15,0.41,0.12,0.24,1.05,0.208,0.270,0.387,0.657,23,666176
169,Tim Tawa,R,ARI,2B,2B,5/21,10,0.1,@LAD,DMay(R),35,N(8),3.9,3.6,0.79,0.42,0.15,0.42,0.08,0.28,1.02,0.222,0.283,0.386,0.669,1,694374
170,Caleb Durbin,R,MIL,2B/3B,2B/3B,5/21,1,0.1,BAL,TSugano(R),100,Y(8),3.5,3.2,0.78,0.42,0.07,0.37,0.14,0.23,0.41,0.243,0.308,0.371,0.679,25,702332
171,Josh Rojas,L,CHW,3B,3B,5/21,2,0.0,SEA,LEvans(R),100,Y(9),3.5,3.1,0.76,0.45,0.07,0.38,0.10,0.36,0.64,0.249,0.331,0.372,0.703,0,668942
172,Eric Haase,R,MIL,C,C,5/21,1,-0.5,BAL,TSugano(R),100,Y(6),3.8,3.5,0.78,0.43,0.15,0.47,0.03,0.20,1.17,0.223,0.268,0.393,0.661,0,606992
173,Geraldo Perdomo,S,ARI,SS,SS,5/21,10,-0.5,@LAD,DMay(R),96,N(7),4.0,3.5,0.83,0.42,0.08,0.36,0.14,0.46,0.67,0.239,0.334,0.361,0.695,99,672695
174,Nathan Lukes,L,TOR,OF,OF,5/21,7,-0.6,SD,RVasquez(R),100,Y(9),3.1,2.7,0.77,0.44,0.05,0.37,0.05,0.28,0.46,0.283,0.355,0.418,0.773,0,18123
175,Ceddanne Rafaela,R,BOS,SS/OF,2B/SS/ OF,5/21,6,-0.6,NYM,TMegill(R),100,Y(9),3.4,3.2,0.77,0.39,0.07,0.39,0.15,0.16,0.82,0.241,0.284,0.378,0.662,99,678882
176,Jordan Walker,R,STL,OF,OF,5/21,1,-0.9,DET,BHurter(L),100,Y(8),3.5,3.3,0.78,0.43,0.11,0.42,0.05,0.22,0.78,0.240,0.292,0.400,0.692,27,691023
177,Drake Baldwin,L,ATL,C,C,5/21,6,-1.0,@WSH,TWilliams(R),100,Y(5),3.9,3.5,0.89,0.43,0.10,0.44,0.01,0.34,0.70,0.256,0.324,0.394,0.718,68,686948
178,Nolan Schanuel,L,LAA,1B,1B,5/21,10,-1.0,@ATH,JSears(L),93,N(2),4.5,3.9,0.96,0.52,0.08,0.36,0.06,0.44,0.71,0.246,0.329,0.354,0.683,38,694384
179,Eli White,R,ATL,OF,OF,5/21,6,-1.1,@WSH,TWilliams(R),100,Y(7),4.1,3.7,0.85,0.41,0.08,0.40,0.14,0.29,1.03,0.232,0.295,0.350,0.645,16,642201
180,JJ Bleday,L,ATH,OF,OF,5/21,10,-1.3,LAA,JKochanowicz(R),91,N(8),3.5,3.1,0.74,0.46,0.10,0.42,0.04,0.40,0.57,0.239,0.329,0.404,0.733,87,668709
181,Addison Barger,L,TOR,3B/OF,3B/OF,5/21,7,-1.4,SD,RVasquez(R),100,Y(7),3.4,3.0,0.74,0.42,0.10,0.43,0.03,0.31,0.69,0.248,0.325,0.418,0.743,64,680718
182,Spencer Torkelson,R,DET,1B,1B,5/21,1,-1.5,@STL,APallante(R),100,Y(5),4.2,3.7,0.84,0.45,0.13,0.48,0.01,0.42,0.99,0.226,0.309,0.379,0.688,100,679529
183,Jake Bauers,L,MIL,1B,1B/OF,5/21,1,-1.6,BAL,TSugano(R),100,Y(7),3.3,3.0,0.64,0.40,0.13,0.42,0.08,0.29,1.03,0.217,0.290,0.404,0.694,0,641343
184,Angel Martinez,S,CLE,OF,3B/OF,5/21,3,-1.6,@MIN,CPaddack(R),100,Y(2),4.5,4.1,0.97,0.51,0.07,0.41,0.07,0.26,0.95,0.235,0.286,0.354,0.640,2,682657
185,Royce Lewis,R,MIN,3B,3B,5/21,3,-1.8,CLE,GWilliams(R),100,Y(3),4.0,3.6,0.79,0.42,0.14,0.47,0.04,0.37,1.02,0.221,0.296,0.386,0.682,100,668904
186,Heston Kjerstad,L,BAL,OF,OF,5/21,1,-1.9,@MIL,CPatrick(R),100,Y(8),3.2,2.9,0.70,0.42,0.13,0.41,0.02,0.20,0.87,0.239,0.299,0.427,0.726,32,677008
187,Nick Kurtz,L,ATH,1B,1B,5/21,10,-1.9,LAA,JKochanowicz(R),92,N(6),3.6,3.3,0.79,0.44,0.10,0.43,0.03,0.28,0.85,0.241,0.304,0.394,0.698,97,701762
188,Javier Baez,R,DET,SS/3B/ OF,SS/3B/ OF,5/21,1,-2.2,@STL,APallante(R),100,Y(9),3.8,3.6,0.86,0.42,0.09,0.40,0.08,0.15,0.77,0.241,0.278,0.360,0.638,100,12979
189,Alek Thomas,L,ARI,OF,OF,5/21,10,-2.2,@LAD,DMay(R),91,N(8),3.9,3.6,0.84,0.40,0.11,0.39,0.09,0.24,0.86,0.233,0.285,0.376,0.661,8,677950
190,Nick Allen,R,ATL,SS,SS,5/21,6,-2.5,@WSH,TWilliams(R),100,Y(9),3.8,3.5,0.87,0.43,0.05,0.36,0.11,0.27,0.64,0.248,0.305,0.342,0.647,0,669397
191,Jordan Lawlar,R,ARI,SS,SS,5/21,10,-2.5,@LAD,DMay(R),19,N(9),3.8,3.5,0.76,0.42,0.10,0.37,0.13,0.30,1.13,0.221,0.292,0.356,0.648,51,691783
192,Derek Hill,R,MIA,OF,OF,5/21,1,-2.8,CHC,CHorton(R),100,Y(9),3.3,3.0,0.73,0.41,0.07,0.37,0.11,0.20,0.92,0.239,0.291,0.374,0.665,0,656537
193,Joey Ortiz,R,MIL,SS/3B,2B/SS/ 3B,5/21,1,-2.9,BAL,TSugano(R),100,Y(9),3.2,2.9,0.73,0.41,0.07,0.36,0.08,0.21,0.56,0.251,0.306,0.393,0.699,14,687401
194,Alexander Canario,R,PIT,OF,OF,5/21,-12,-3.0,CIN,BSinger(R),100,Y(5),3.9,3.5,0.78,0.41,0.14,0.48,0.02,0.28,1.10,0.219,0.282,0.386,0.668,2,672744
195,Dylan Carlson,S,BAL,OF,OF,5/21,1,-3.1,@MIL,CPatrick(R),100,Y(9),3.6,3.2,0.74,0.47,0.10,0.40,0.05,0.32,0.95,0.229,0.306,0.375,0.681,0,666185
196,Randal Grichuk,R,ARI,OF,OF,5/21,10,-3.2,@LAD,DMay(R),19,N(6),3.9,3.6,0.83,0.40,0.14,0.43,0.02,0.21,0.95,0.231,0.281,0.395,0.676,0,10243
197,Nolan Gorman,L,STL,2B,2B,5/21,1,-3.3,DET,BHurter(L),100,Y(7),3.6,3.3,0.70,0.41,0.15,0.44,0.03,0.27,1.08,0.212,0.274,0.383,0.657,1,669357
198,Jonah Heim,S,TEX,C,C,5/21,7,-3.7,@NYY,RYarbrough(L),100,Y(6),4.0,3.7,0.84,0.43,0.11,0.45,0.02,0.26,0.71,0.228,0.282,0.362,0.644,91,16930
199,Kristian Campbell,R,BOS,2B,2B,5/21,6,-4.0,NYM,TMegill(R),100,Y(5),3.9,3.4,0.79,0.40,0.07,0.42,0.08,0.44,1.04,0.236,0.331,0.363,0.694,99,692225
200,Trey Sweeney,L,DET,SS,SS,5/21,1,-4.0,@STL,APallante(R),100,Y(8),3.9,3.5,0.82,0.42,0.08,0.39,0.08,0.31,0.86,0.234,0.299,0.350,0.649,19,700242
201,Keibert Ruiz,S,WSH,C,C,5/21,6,-4.1,ATL,ASmith-Shawver(R),100,Y(4),4.0,3.7,0.84,0.38,0.11,0.47,0.03,0.24,0.50,0.231,0.285,0.369,0.654,96,660688
202,Nathaniel Lowe,L,WSH,1B,1B,5/21,6,-4.1,ATL,ASmith-Shawver(R),100,Y(3),4.1,3.5,0.78,0.45,0.11,0.45,0.02,0.53,0.99,0.225,0.330,0.371,0.701,99,663993
203,Jonathan Aranda,L,TB,1B,1B,5/21,1,-4.1,HOU,HBrown(R),100,Y(4),3.9,3.5,0.79,0.41,0.12,0.47,0.01,0.41,1.18,0.227,0.315,0.376,0.691,100,666018
204,Matt Mervis,L,MIA,1B,1B,5/21,1,-4.2,CHC,CHorton(R),100,Y(7),3.3,2.9,0.65,0.40,0.13,0.42,0.02,0.31,0.91,0.226,0.306,0.415,0.721,3,670223
205,Miguel Amaya,R,CHC,C,C,5/21,1,-4.5,@MIA,MMeyer(R),100,Y(8),3.9,3.6,0.88,0.43,0.09,0.41,0.02,0.25,0.84,0.245,0.304,0.383,0.687,28,665804
206,Travis d’Arnaud,R,LAA,C,C,5/21,10,-4.7,@ATH,JSears(L),15,N(6),4.0,3.6,0.81,0.41,0.14,0.43,0.02,0.23,0.97,0.222,0.278,0.386,0.664,1,7739
207,Brooks Lee,S,MIN,SS/3B,2B/SS/ 3B,5/21,3,-4.7,CLE,GWilliams(R),100,Y(2),4.1,3.7,0.87,0.46,0.10,0.38,0.04,0.32,0.76,0.233,0.295,0.371,0.666,38,686797
208,Hyeseong Kim,L,LAD,2B,2B,5/21,10,-4.8,ARI,CBurnes(R),68,N(9),3.0,2.8,0.63,0.31,0.08,0.28,0.22,0.15,0.78,0.222,0.268,0.353,0.621,83,808975
209,Max Schuemann,R,ATH,SS/3B,2B/SS/ 3B/OF,5/21,10,-5.7,LAA,JKochanowicz(R),19,N(8),3.5,3.1,0.74,0.42,0.04,0.33,0.12,0.31,0.71,0.238,0.321,0.335,0.656,0,680474
210,Kyle Higashioka,R,TEX,C,C,5/21,7,-5.8,@NYY,RYarbrough(L),100,Y(8),3.5,3.2,0.70,0.41,0.13,0.42,0.02,0.18,0.81,0.219,0.262,0.384,0.646,2,5517
211,Kyle Isbel,L,KC,OF,OF,5/21,3,-5.9,@SF,LWebb(R),100,Y(9),3.6,3.4,0.81,0.37,0.06,0.34,0.13,0.16,0.81,0.238,0.277,0.355,0.632,0,664728
212,Justyn-Henry Malloy,R,DET,OF,OF,5/21,1,-5.9,@STL,APallante(R),100,Y(2),4.0,3.4,0.81,0.49,0.08,0.35,0.03,0.49,1.01,0.237,0.336,0.349,0.685,0,669234
213,Ke’Bryan Hayes,R,PIT,3B,3B,5/21,-12,-6.0,CIN,BSinger(R),100,Y(6),3.8,3.5,0.86,0.38,0.07,0.39,0.05,0.24,0.73,0.248,0.301,0.368,0.669,9,663647
214,Juan Soto,L,NYM,OF,OF,5/21,6,-6.0,@BOS,GCrochet(L),100,Y(3),4.3,3.5,0.79,0.43,0.09,0.39,0.07,0.65,1.03,0.223,0.345,0.352,0.697,100,665742
215,Luis Urias,R,ATH,2B/3B,2B/3B,5/21,10,-6.2,LAA,JKochanowicz(R),92,N(7),3.6,3.1,0.74,0.43,0.08,0.38,0.03,0.33,0.56,0.238,0.329,0.363,0.692,39,649966
216,Ben Williamson,R,SEA,3B,3B,5/21,2,-6.3,@CHW,SSmith(R),100,Y(9),3.9,3.5,0.86,0.42,0.06,0.36,0.07,0.25,0.88,0.242,0.300,0.340,0.640,0,810938
217,Jake Meyers,R,HOU,OF,OF,5/21,1,-6.5,@TB,TBradley(R),100,Y(6),4.0,3.7,0.84,0.38,0.10,0.38,0.06,0.29,1.04,0.230,0.292,0.365,0.657,75,676694
218,Carlos Santana,S,CLE,1B,1B,5/21,3,-6.6,@MIN,CPaddack(R),100,Y(5),4.1,3.7,0.78,0.43,0.11,0.45,0.02,0.42,0.86,0.215,0.298,0.351,0.649,6,2396
219,Gio Urshela,R,ATH,3B,1B/3B,5/21,10,-6.6,LAA,JKochanowicz(R),25,N(9),3.1,2.9,0.82,0.38,0.05,0.34,0.01,0.15,0.37,0.280,0.320,0.383,0.703,0,10681
220,Dillon Dingler,R,DET,C,C,5/21,1,-6.6,@STL,APallante(R),100,Y(7),4.0,3.7,0.87,0.40,0.09,0.41,0.03,0.22,0.98,0.236,0.286,0.360,0.646,73,693307
221,Drew Waters,S,KC,OF,OF,5/21,3,-6.7,@SF,LWebb(R),100,Y(6),4.0,3.7,0.83,0.34,0.06,0.34,0.17,0.23,1.22,0.226,0.277,0.338,0.615,0,671221
222,Max Muncy,L,LAD,3B,1B/3B,5/21,10,-7.1,ARI,CBurnes(R),91,N(5),3.8,3.2,0.64,0.40,0.15,0.40,0.04,0.52,1.09,0.197,0.314,0.381,0.695,74,13301
223,Trevor Story,R,BOS,SS,SS,5/21,6,-7.2,NYM,TMegill(R),100,Y(7),3.7,3.3,0.70,0.35,0.07,0.38,0.14,0.29,1.14,0.212,0.281,0.334,0.615,96,12564
224,Mike Yastrzemski,L,SF,OF,OF,5/21,3,-7.2,KC,DLynch IV(L),100,Y(6),3.7,3.3,0.72,0.40,0.09,0.40,0.05,0.36,0.91,0.220,0.302,0.368,0.670,83,573262
225,Jake Cronenworth,L,SD,1B/2B,1B/2B,5/21,7,-7.2,@TOR,KGausman(R),100,Y(7),3.9,3.5,0.81,0.39,0.09,0.37,0.06,0.32,0.81,0.232,0.302,0.376,0.678,93,630105
226,Graham Pauley,L,MIA,3B,1B/3B,5/21,1,-7.4,CHC,CHorton(R),100,Y(8),3.1,2.8,0.67,0.39,0.09,0.36,0.04,0.26,0.70,0.237,0.305,0.393,0.698,0,688363
227,Mauricio Dubon,R,HOU,1B/2B/ OF,1B/2B/ SS/3B/OF,5/21,1,-7.7,@TB,TBradley(R),100,Y(9),3.7,3.5,0.90,0.38,0.06,0.34,0.03,0.16,0.54,0.259,0.293,0.365,0.658,0,643289
228,Pavin Smith,L,ARI,1B/OF,1B/OF,5/21,10,-7.8,@LAD,DMay(R),91,N(6),3.7,3.2,0.72,0.38,0.12,0.38,0.03,0.43,0.98,0.224,0.316,0.378,0.694,81,656976
229,Henry Davis,R,PIT,C,C,5/21,-12,-7.8,CIN,BSinger(R),100,Y(9),3.5,3.1,0.69,0.41,0.09,0.37,0.03,0.29,0.83,0.225,0.306,0.365,0.671,0,680779
230,Ryan Jeffers,R,MIN,C,C,5/21,3,-7.9,CLE,GWilliams(R),100,Y(1),4.2,3.7,0.77,0.50,0.12,0.37,0.02,0.39,1.03,0.207,0.294,0.355,0.649,94,680777
231,Yoan Moncada,S,LAA,3B,3B,5/21,10,-8.1,@ATH,JSears(L),91,N(3),4.3,3.9,0.87,0.42,0.09,0.41,0.03,0.33,1.23,0.225,0.290,0.348,0.638,7,17232
232,Pete Alonso,R,NYM,1B,1B,5/21,6,-8.1,@BOS,GCrochet(L),100,Y(4),4.1,3.6,0.72,0.39,0.14,0.45,0.03,0.45,1.28,0.200,0.297,0.364,0.661,100,624413
233,Jason Heyward,L,SD,OF,OF,5/21,7,-8.2,@TOR,KGausman(R),100,Y(8),3.8,3.5,0.75,0.38,0.09,0.36,0.09,0.24,0.90,0.217,0.272,0.356,0.628,0,4940
234,Josh H. Smith,L,TEX,SS/3B,SS/3B/ OF,5/21,7,-8.2,@NYY,RYarbrough(L),100,Y(9),3.7,3.3,0.73,0.45,0.06,0.36,0.06,0.32,0.75,0.224,0.307,0.326,0.633,94,669701
235,Salvador Perez,R,KC,C/1B,C/1B,5/21,3,-8.6,@SF,LWebb(R),100,Y(4),4.2,4.0,0.93,0.36,0.09,0.44,0.00,0.13,1.02,0.234,0.266,0.348,0.614,100,7304
236,Gavin Sheets,L,SD,1B/OF,1B/OF,5/21,7,-8.7,@TOR,KGausman(R),100,Y(6),4.0,3.7,0.83,0.38,0.10,0.38,0.04,0.26,1.01,0.225,0.278,0.362,0.640,86,657757
237,Victor Scott II,L,STL,OF,OF,5/21,1,-8.7,DET,BHurter(L),100,Y(9),3.4,3.1,0.69,0.36,0.05,0.31,0.16,0.19,0.74,0.221,0.271,0.307,0.578,100,687363
238,Michael Massey,L,KC,2B,2B,5/21,3,-8.9,@SF,LWebb(R),100,Y(8),3.7,3.5,0.86,0.36,0.08,0.36,0.04,0.13,0.76,0.242,0.273,0.364,0.637,2,686681
239,Harrison Bader,R,MIN,OF,OF,5/21,3,-9.2,CLE,GWilliams(R),100,Y(6),3.7,3.4,0.72,0.32,0.07,0.34,0.14,0.24,0.87,0.216,0.277,0.333,0.610,13,664056
240,Kody Clemens,L,MIN,1B/2B,1B/2B,5/21,3,-9.2,CLE,GWilliams(R),100,Y(4),3.6,3.2,0.69,0.35,0.11,0.43,0.03,0.28,0.99,0.213,0.279,0.375,0.654,0,665019
241,Tommy Pham,R,PIT,OF,OF,5/21,-12,-9.4,CIN,BSinger(R),100,Y(8),3.6,3.2,0.76,0.38,0.07,0.36,0.04,0.28,0.81,0.235,0.299,0.353,0.652,0,2967
242,Starling Marte,R,NYM,OF,OF,5/21,6,-9.9,@BOS,GCrochet(L),100,Y(2),3.8,3.5,0.78,0.36,0.05,0.28,0.15,0.22,1.12,0.226,0.279,0.326,0.605,0,9241
243,Luisangel Acuna,R,NYM,2B/SS,2B/SS,5/21,6,-9.9,@BOS,GCrochet(L),100,Y(8),3.7,3.4,0.77,0.31,0.04,0.29,0.20,0.19,0.96,0.224,0.267,0.314,0.581,59,682668
244,Gabriel Arias,R,CLE,2B/SS/ 3B,2B/SS/ 3B/OF,5/21,3,-10.2,@MIN,CPaddack(R),100,Y(7),3.9,3.6,0.79,0.37,0.07,0.38,0.08,0.21,1.13,0.218,0.266,0.335,0.601,57,672356
245,Kyren Paris,R,LAA,2B/OF,2B/OF,5/21,10,-10.2,@ATH,JSears(L),12,N(9),3.7,3.3,0.61,0.37,0.08,0.33,0.17,0.31,1.24,0.185,0.263,0.309,0.572,17,677347
246,Miguel Rojas,R,LAD,SS,2B/SS/ 3B,5/21,10,-10.3,ARI,CBurnes(R),18,N(9),3.1,2.9,0.71,0.31,0.06,0.28,0.10,0.16,0.44,0.245,0.290,0.353,0.643,0,7802
247,Adam Frazier,L,PIT,2B/OF,2B/3B/ OF,5/21,-12,-10.3,CIN,BSinger(R),100,Y(7),3.7,3.3,0.82,0.36,0.05,0.35,0.04,0.26,0.56,0.245,0.306,0.352,0.658,0,15223
248,Michael Conforto,L,LAD,OF,OF,5/21,10,-10.3,ARI,CBurnes(R),97,N(7),3.5,3.1,0.67,0.36,0.12,0.35,0.03,0.34,0.91,0.215,0.299,0.380,0.679,30,16376
249,Matthew Lugo,R,LAA,OF,OF,5/21,10,-10.3,@ATH,JSears(L),96,N(7),3.9,3.6,0.74,0.36,0.10,0.37,0.08,0.21,1.11,0.208,0.260,0.348,0.608,13,683090
250,Josh Bell,S,WSH,1B,1B,5/21,6,-10.5,ATL,ASmith-Shawver(R),100,Y(6),3.7,3.3,0.69,0.38,0.11,0.39,0.01,0.42,0.83,0.212,0.306,0.360,0.666,3,13145
251,Tim Anderson,R,LAA,SS,SS,5/21,10,-10.5,@ATH,JSears(L),11,N(9),3.7,3.4,0.82,0.36,0.04,0.30,0.10,0.14,0.88,0.241,0.278,0.318,0.596,0,15172
252,Dalton Rushing,L,LAD,C,C,5/21,10,-10.5,ARI,CBurnes(R),18,N(7),3.5,3.1,0.66,0.36,0.12,0.34,0.04,0.35,0.95,0.212,0.301,0.374,0.675,23,687221
253,Kevin Newman,R,LAA,2B/SS,2B/SS,5/21,10,-10.8,@ATH,JSears(L),66,N(9),3.7,3.4,0.80,0.37,0.04,0.31,0.09,0.18,0.61,0.237,0.279,0.327,0.606,0,621028
254,Nolan Jones,L,CLE,OF,OF,5/21,3,-10.8,@MIN,CPaddack(R),100,Y(8),3.3,2.9,0.62,0.37,0.07,0.34,0.07,0.35,1.06,0.218,0.306,0.359,0.665,12,666134
255,Jhonny Pereda,R,ATH,C,C,5/21,10,-11.3,LAA,JKochanowicz(R),22,N(9),3.1,2.8,0.73,0.39,0.04,0.31,0.02,0.27,0.58,0.259,0.328,0.347,0.675,0,640902
256,Mark Vientos,R,NYM,3B,3B,5/21,6,-11.4,@BOS,GCrochet(L),100,Y(5),4.0,3.7,0.78,0.35,0.12,0.42,0.01,0.27,1.40,0.211,0.267,0.363,0.630,100,668901
257,Enrique Hernandez,R,LAD,1B/2B/ 3B/OF,1B/2B/ SS/3B/OF,5/21,10,-11.6,ARI,CBurnes(R),68,N(8),3.5,3.2,0.71,0.35,0.11,0.34,0.03,0.23,0.78,0.219,0.274,0.365,0.639,1,10472
258,LaMonte Wade Jr.,L,SF,1B,1B/OF,5/21,3,-11.9,KC,DLynch IV(L),100,Y(9),3.4,2.9,0.65,0.42,0.06,0.34,0.01,0.44,0.72,0.226,0.333,0.344,0.677,0,664774
259,Willi Castro,S,MIN,2B/SS/ 3B/OF,2B/SS/ 3B/OF,5/21,3,-12.0,CLE,GWilliams(R),100,Y(7),3.6,3.2,0.68,0.33,0.06,0.32,0.11,0.29,0.93,0.217,0.296,0.337,0.633,70,650489
260,Jose Tena,L,WSH,3B,2B/3B,5/21,6,-12.1,ATL,ASmith-Shawver(R),100,Y(9),3.4,3.1,0.69,0.36,0.07,0.33,0.07,0.23,0.92,0.221,0.277,0.339,0.616,0,677588
261,Nick Sogard,S,BOS,2B,2B,5/21,6,-12.3,NYM,TMegill(R),100,Y(6),3.8,3.3,0.73,0.36,0.04,0.34,0.08,0.45,0.96,0.226,0.324,0.323,0.647,0,686765
262,Cam Smith,R,HOU,3B/OF,3B/OF,5/21,1,-12.6,@TB,TBradley(R),100,Y(7),3.9,3.5,0.77,0.37,0.10,0.35,0.02,0.31,1.15,0.217,0.286,0.350,0.636,57,701358
263,Daniel Schneemann,L,CLE,2B/SS/ OF,2B/SS/ 3B/OF,5/21,3,-12.7,@MIN,CPaddack(R),100,Y(6),3.6,3.2,0.70,0.36,0.08,0.37,0.04,0.32,1.01,0.215,0.287,0.346,0.633,42,682177
264,Freddy Fermin,R,KC,C,C,5/21,3,-12.9,@SF,LWebb(R),100,Y(7),3.8,3.6,0.88,0.33,0.06,0.33,0.02,0.19,0.83,0.243,0.284,0.338,0.622,2,666023
265,DaShawn Keirsey Jr.,L,MIN,OF,OF,5/21,3,-13.1,CLE,GWilliams(R),100,Y(8),3.2,2.9,0.62,0.30,0.05,0.28,0.14,0.22,0.94,0.214,0.275,0.327,0.602,0,680577
266,Cody Bellinger,L,NYY,1B/OF,1B/OF,5/21,7,-13.2,TEX,JdeGrom(R),100,Y(4),3.8,3.5,0.71,0.29,0.12,0.35,0.07,0.26,0.94,0.202,0.259,0.349,0.608,100,15998
267,Alex Call,R,WSH,OF,OF,5/21,6,-13.2,ATL,ASmith-Shawver(R),100,Y(8),3.5,3.0,0.60,0.38,0.08,0.32,0.07,0.48,0.76,0.201,0.318,0.328,0.646,0,669743
268,Curtis Mead,R,TB,2B,2B/3B,5/21,1,-13.5,HOU,HBrown(R),100,Y(8),3.1,2.8,0.66,0.31,0.06,0.30,0.06,0.20,0.73,0.235,0.296,0.349,0.645,0,678554
269,Mark Canha,R,KC,1B/OF,1B/OF,5/21,3,-14.3,@SF,LWebb(R),100,Y(5),3.4,3.1,0.75,0.29,0.04,0.29,0.07,0.20,0.73,0.245,0.307,0.332,0.639,0,11445
270,Patrick Bailey,S,SF,C,C,5/21,3,-15.1,KC,DLynch IV(L),100,Y(8),3.5,3.2,0.71,0.37,0.06,0.34,0.02,0.28,0.86,0.224,0.289,0.332,0.621,7,672275
271,Brendan Rodgers,R,HOU,2B,2B,5/21,1,-15.2,@TB,TBradley(R),100,Y(8),3.8,3.5,0.77,0.36,0.08,0.33,0.01,0.23,1.10,0.220,0.272,0.340,0.612,1,663898
272,Carlos Narvaez,R,BOS,C,C,5/21,6,-15.2,NYM,TMegill(R),100,Y(8),3.5,3.1,0.64,0.38,0.06,0.34,0.04,0.40,1.07,0.209,0.307,0.322,0.629,3,665966
273,Ben Rice,L,NYY,1B,1B,5/21,7,-16.5,TEX,JdeGrom(R),100,Y(2),4.0,3.6,0.65,0.37,0.15,0.31,0.04,0.33,1.27,0.178,0.253,0.341,0.594,99,700250
274,Tyrone Taylor,R,NYM,OF,OF,5/21,6,-17.7,@BOS,GCrochet(L),100,Y(7),3.4,3.1,0.65,0.28,0.06,0.29,0.10,0.17,1.05,0.205,0.253,0.333,0.586,0,621438
275,Kameron Misner,L,TB,OF,OF,5/21,1,-18.4,HOU,HBrown(R),100,Y(7),3.4,3.0,0.54,0.31,0.08,0.31,0.09,0.35,1.34,0.181,0.272,0.306,0.578,14,670224
276,Robert Hassell III,L,WSH,OF,OF,5/21,6,-18.8,ATL,ASmith-Shawver(R),100,Y(7),3.6,3.3,0.65,0.31,0.05,0.30,0.08,0.31,0.95,0.200,0.273,0.294,0.567,0,690987
277,Trent Grisham,L,NYY,OF,OF,5/21,7,-19.1,TEX,JdeGrom(R),100,Y(1),4.2,3.7,0.63,0.38,0.14,0.29,0.05,0.39,1.34,0.171,0.254,0.321,0.575,100,663757
278,Ben Rortvedt,L,TB,C,C,5/21,1,-19.1,HOU,HBrown(R),100,Y(9),3.4,3.0,0.59,0.35,0.07,0.31,0.02,0.34,1.00,0.197,0.283,0.308,0.591,0,666163
279,Jonah Bride,R,MIN,1B/3B,1B/3B,5/21,3,-19.1,CLE,GWilliams(R),100,Y(5),3.8,3.2,0.64,0.35,0.07,0.33,0.02,0.49,0.96,0.201,0.316,0.312,0.628,0,681146
280,Christian Vazquez,R,MIN,C,C,5/21,3,-19.7,CLE,GWilliams(R),100,Y(9),3.3,3.1,0.65,0.32,0.05,0.29,0.04,0.21,0.77,0.212,0.266,0.308,0.574,0,9774
281,Anthony Volpe,R,NYY,SS,SS,5/21,7,-19.9,TEX,JdeGrom(R),100,Y(6),3.6,3.3,0.62,0.25,0.08,0.26,0.13,0.25,1.05,0.189,0.249,0.310,0.559,100,683011
282,Jose Herrera,S,ARI,C,C,5/21,10,-20.1,@LAD,DMay(R),31,N(9),3.3,3.0,0.62,0.34,0.06,0.27,0.03,0.31,0.84,0.209,0.288,0.307,0.595,0,645444
283,Luis Torrens,R,NYM,C,C,5/21,6,-20.6,@BOS,GCrochet(L),100,Y(6),3.9,3.6,0.72,0.31,0.07,0.32,0.03,0.26,1.26,0.202,0.259,0.316,0.575,0,620443
284,Jasson Dominguez,S,NYY,OF,OF,5/21,7,-20.6,TEX,JdeGrom(R),100,Y(5),3.7,3.3,0.61,0.26,0.10,0.28,0.09,0.32,1.23,0.182,0.254,0.307,0.561,99,691176
285,Austin Wells,L,NYY,C,C,5/21,7,-23.7,TEX,JdeGrom(R),100,Y(7),3.5,3.2,0.56,0.27,0.11,0.27,0.03,0.27,1.00,0.178,0.249,0.327,0.576,98,669224
286,Martin Maldonado,R,SD,C,C,5/21,7,-23.9,@TOR,KGausman(R),100,Y(9),3.2,3.0,0.51,0.30,0.09,0.28,0.04,0.16,1.14,0.172,0.219,0.291,0.510,0,6887
287,DJ LeMahieu,R,NYY,1B/3B,1B/3B,5/21,7,-25.4,TEX,JdeGrom(R),100,Y(8),3.4,3.1,0.63,0.26,0.06,0.23,0.02,0.27,0.82,0.206,0.272,0.301,0.573,1,9874
288,Austin Hedges,R,CLE,C,C,5/21,3,-25.4,@MIN,CPaddack(R),100,Y(9),3.1,2.8,0.50,0.29,0.06,0.27,0.03,0.17,0.93,0.177,0.230,0.274,0.504,0,12976
289,Jorbit Vivas,L,NYY,2B,2B,5/21,7,-28.8,TEX,JdeGrom(R),100,Y(9),2.8,2.5,0.46,0.22,0.04,0.18,0.06,0.21,0.64,0.186,0.259,0.277,0.536,0,678391
290,Brett Baty,L,NYM,2B/3B,2B/3B,5/21,6,-31.1,@BOS,GCrochet(L),100,Y(9),2.8,2.6,0.47,0.23,0.04,0.20,0.02,0.17,1.00,0.185,0.240,0.265,0.505,24,683146